<?xml version="1.0" encoding="UTF-8"?>
<TEI xmlns="http://www.tei-c.org/ns/1.0">
    <teiHeader>
        <fileDesc>
            <titleStmt>
                <author>
                    <surname>Petris</surname>
                    <forename> Marco</forename>
                    <affiliation>University of Hamburg, Germany</affiliation>
                </author>
                <title type="full">
                    <title type="main">Digital Humanities</title>
                    <title type="sub">From Wikipedia, the free encyclopedia </title>
                </title>
            </titleStmt>
            <editionStmt>
                <edition>
                    <date>2014-12-30T15:40:59.54</date>
                </edition>
            </editionStmt>
            <publicationStmt>
                <publisher>Paul Arthur, University of Western Sidney</publisher>
                <address>
                    <addrLine>Locked Bag 1797</addrLine>
                    <addrLine>Penrith NSW 2751</addrLine>
                    <addrLine>Australia</addrLine>
                    <addrLine>Paul Arthur</addrLine>
                </address>
            </publicationStmt>
            <sourceDesc>
                <p>Converted from an OASIS Open Document</p>
            </sourceDesc>
        </fileDesc>
        <encodingDesc>
            <appInfo>
                <application ident="DHCONVALIDATOR" version="1.0">
                    <label>DHConvalidator</label>
                </application>
            </appInfo>
        </encodingDesc>
        <profileDesc>
            <textClass>
                <keywords scheme="ConfTool" n="category">
                    <term>Paper</term>
                </keywords>
                <keywords scheme="ConfTool" n="subcategory">
                    <term>Long Paper</term>
                </keywords>
                <keywords scheme="ConfTool" n="keywords">
                    <term>wikipedia</term>
                </keywords>
                <keywords scheme="ConfTool" n="topics">
                    <term>digital humanities - nature and significance</term>
                    <term>English</term>
                </keywords>
            </textClass>
        </profileDesc>
    </teiHeader>
    <text>
        <body>
            <div type="div1" rend="DH-Heading1">
                <head>Introduction</head>
                <p>
                    <hi rend="bold">Digital humanities</hi> is an area of research and teaching at the intersection of computing and the disciplines of the 
                    <ref target="http://en.wikipedia.org/wiki/Humanities">humanities</ref> . Developing from the fields of humanities computing, humanistic computing, 
                    <note xml:id="ftn0" place="foot" n="1"> Humanistic Computing, Proceedings of the IEEE, Vol. 86, No. 11, November, 1998, Pages 2123-2151.</note> and digital humanities praxis 
                    <note xml:id="ftn1" place="foot" n="2">
                        <ref target="http://dhpraxisf13.commons.gc.cuny.edu/tag/dhpraxis/">http://dhpraxisf13.commons.gc.cuny.edu/tag/dhpraxis/</ref>
                    </note> digital humanities embraces a variety of topics, from curating online collections to data mining large cultural data sets. Digital humanities (often abbreviated DH) currently incorporates both digitized and 
                    <ref target="http://en.wikipedia.org/wiki/Born-digital">born-digital</ref> materials and combines the methodologies from traditional humanities disciplines (such as 
                    <ref target="http://en.wikipedia.org/wiki/History">history</ref> , 
                    <ref target="http://en.wikipedia.org/wiki/Philosophy">philosophy</ref> , 
                    <ref target="http://en.wikipedia.org/wiki/Linguistics">linguistics</ref> , 
                    <ref target="http://en.wikipedia.org/wiki/Literature">literature</ref> , 
                    <ref target="http://en.wikipedia.org/wiki/Art">art</ref> , 
                    <ref target="http://en.wikipedia.org/wiki/Archaeology">archaeology</ref> , 
                    <ref target="http://en.wikipedia.org/wiki/Music">music</ref> , and 
                    <ref target="http://en.wikipedia.org/wiki/Cultural_studies">cultural studies</ref> ) and social sciences 
                    <note xml:id="ftn2" place="foot" n="3">
                        <ref target="http://www.digitalhumanities.cam.ac.uk/">"Digital Humanities Network"</ref>. 
                        <hi rend="italic">University of Cambridge</hi>. Retrieved 27 December 2012
                    </note> with tools provided by 
                    <ref target="http://en.wikipedia.org/wiki/Computing">computing</ref> (such as 
                    <ref target="http://en.wikipedia.org/wiki/Data_visualisation">data visualisation</ref> , 
                    <ref target="http://en.wikipedia.org/wiki/Information_retrieval">information retrieval</ref> , 
                    <ref target="http://en.wikipedia.org/wiki/Data_mining">data mining</ref> , 
                    <ref target="http://en.wikipedia.org/wiki/Statistics">statistics</ref> , 
                    <ref target="http://en.wikipedia.org/wiki/Text_mining">text mining</ref> , 
                    <ref target="http://en.wikipedia.org/wiki/Digital_mapping">digital mapping</ref> ), and 
                    <ref target="http://en.wikipedia.org/wiki/Electronic_publication">digital publishing</ref> . As well, related subfields of digital humanities have emerged like 
                    <ref target="http://en.wikipedia.org/wiki/Software_studies">software studies</ref> , platform studies, and 
                    <ref target="http://en.wikipedia.org/wiki/Critical_code_studies">critical code studies</ref> . Digital Humanities also intersects with 
                    <ref target="http://en.wikipedia.org/wiki/New_media_studies">new media studies</ref> and 
                    <ref target="http://en.wikipedia.org/wiki/Information_science">information science</ref> as well as 
                    <ref target="http://en.wikipedia.org/wiki/Media_theory_of_composition">media theory of composition</ref> and 
                    <ref target="http://en.wikipedia.org/wiki/Game_studies">game studies</ref> , particularly in areas related to digital humanities project design and production. 
                </p>
                <p>
                    <figure>
                        <graphic url="http://upload.wikimedia.org/wikipedia/commons/thumb/d/d9/Humanités_Numériques.JPG/220px-Humanités_Numériques.JPG"/>
                        <head>Example of research which includes the use of digital methods: network analysis as an archival tool.</head>
                    </figure>
                    <note xml:id="ftn38" place="foot" n="4"> League of Nations archives, United Nations Office in Geneva. Network visualization and analysis published in Grandjean, Martin (2014). 
                        <ref target="http://www.cairn.info/resume.php?ID_ARTICLE=LCN_103_0037">"La connaissance est un réseau"</ref>. 
                        <hi rend="italic">Les Cahiers du Numérique</hi>
                        <hi rend="bold">10</hi> (3): 37–54. Retrieved 2014-10-15.
                    </note>
                </p>
            </div>
            <div type="div1" rend="DH-Heading1">
                <head>Areas of inquiry</head>
                <p>Digital humanities scholars use computational methods either to answer existing research questions or to challenge existing theoretical paradigms, generating new questions and pioneering new approaches. One goal is to systematically integrate computer technology into the activities of humanities scholars, 
                    <note xml:id="ftn3" place="foot" n="5">
                        <ref target="http://www.neh.gov/ODH/Grant">Opportunities/tabid/57/Default.aspx "Grant Opportunities"</ref>. 
                        <hi rend="italic">National Endowment for the Humanities, Office of Digital Humanities Grant Opportunities</hi>. Retrieved 25 January 2012.
                    </note> as is done in contemporary empirical 
                    <ref target="http://en.wikipedia.org/wiki/Social_sciences">social sciences</ref> . Such technology-based activities might include incorporation into the traditional 
                    <ref target="http://en.wikipedia.org/wiki/Arts">arts</ref> and 
                    <ref target="http://en.wikipedia.org/wiki/Humanities">humanities</ref> disciplines use of text-analytic techniques; 
                    <ref target="http://en.wikipedia.org/wiki/GIS">GIS</ref> ; 
                    <ref target="http://en.wikipedia.org/wiki/Commons-based_peer_collaboration">commons-based peer collaboration</ref> ; and interactive games and 
                    <ref target="http://en.wikipedia.org/wiki/Multimedia">multimedia</ref> .
                </p>
                <p>Despite the significant trend in digital humanities towards networked and multimodal forms of knowledge, spanning social, visual, and haptic media, a substantial amount of digital humanities focuses on documents and text in ways that differentiate the field's work from digital research in 
                    <ref target="http://en.wikipedia.org/wiki/Media_studies">Media studies</ref>, 
                    <ref target="http://en.wikipedia.org/wiki/Information_studies">Information studies</ref>, 
                    <ref target="http://en.wikipedia.org/wiki/Communication_studies">Communication studies</ref>, and 
                    <ref target="http://en.wikipedia.org/wiki/Sociology">Sociology</ref>. Another goal of digital humanities is to create scholarship than transcends textual sources. This includes the integration of 
                    <ref target="http://en.wikipedia.org/wiki/Multimedia">multimedia</ref>, 
                    <ref target="http://en.wikipedia.org/wiki/Metadata">metadata</ref> and dynamic environments. An example of this is 
                    <ref target="http://en.wikipedia.org/wiki/The_Valley_of_the_Shadow">The Valley of the Shadow</ref> project at the 
                    <ref target="http://en.wikipedia.org/wiki/University_of_Virginia">University of Virginia</ref>, the 
                    <ref target="http://en.wikipedia.org/wiki/Vectors_Journal_of_Culture_and_Technology_in_a_Dynamic_Vernacular">Vectors Journal of Culture and Technology in a Dynamic Vernacular</ref> at 
                    <ref target="http://en.wikipedia.org/wiki/University_of_Southern_California">University of Southern California</ref> or 
                    <ref target="http://pioneers.darthcrimson.org/">Digital Pioneers projects at Harvard</ref>.
                </p>
                <p>A growing number of researchers in digital humanities are using computational methods for the analysis of large cultural data sets such as the 
                    <ref target="http://en.wikipedia.org/wiki/Google_Books">Google Books</ref> corpus. 
                    <note xml:id="ftn4" place="foot" n="6"> Roth, S. (2014), Fashionable functions. A Google ngram view of trends in functional differentiation (1800-2000), International Journal of Technology and Human Interaction, Band 10, Nr. 2, S. 34-58 (online: 
                        <ptr target="http://ssrn.com/abstract=2491422"/>).
                    </note> Examples of such projects were highlighted by the Humanities High Performance Computing competition sponsored by the Office of Digital Humanities in 2008, 
                    <note xml:id="ftn5" place="foot" n="7"> Bobley, Brett (December 1, 2008). 
                        <ref target="http://www.neh.gov/divisions/odh/grant-news/grant-announcement-humanities-high-performance-computing-program">"Grant Announcement for Humanities High Performance Computing Program"</ref>. 
                        <hi rend="italic">National Endowment for the Humanities</hi>. Retrieved May 1, 2012.
                    </note> and also by the Digging Into Data challenge organized in 2009 
                    <note xml:id="ftn6" place="foot" n="8">
                        <ref target="http://www.diggingintodata.org/Home/AwardRecipients2009/tabid/175/Default.aspx">"Awardees of 2009 Digging into Data Challenge"</ref>. 
                        <hi rend="italic">Digging into Data</hi>. 2009. Retrieved May 1, 2012.
                    </note> and 2011 
                    <note xml:id="ftn7" place="foot" n="9">
                        <ref target="http://www.neh.gov/news/press-release/2012-01-03">"NEH Announces Winners of 2011 Digging Into Data Challenge"</ref>. 
                        <hi rend="italic">National Endowment for the Humanities</hi>. January 3, 2012. Retrieved May 1, 2012.
                    </note> by NEH in collaboration with NSF, 
                    <note xml:id="ftn8" place="foot" n="10"> Cohen, Patricia (2010-11-16). 
                        <ref target="http://www.nytimes.com/2010/11/17/arts/17digital.html?pagewanted=all">"Humanities Scholars Embrace Digital Technology"</ref>. 
                        <hi rend="italic">The New York Times</hi> (New York). 
                        <ref target="http://en.wikipedia.org/wiki/International_Standard_Serial_Number">ISSN</ref>  
                        <ref target="http://www.worldcat.org/issn/0362-4331">0362-4331</ref>. Retrieved 2012-06-07.
                    </note> and in partnership with 
                    <ref target="http://en.wikipedia.org/wiki/Joint_Information_Systems_Committee">JISC</ref> in the UK, and 
                    <ref target="http://en.wikipedia.org/wiki/Social_Sciences_and_Humanities_Research_Council">SSHRC</ref> in Canada. 
                    <note xml:id="ftn9" place="foot" n="11"> Williford, Christa; Henry, Charles (June 2012). 
                        <ref target="http://www.clir.org/pubs/reports/pub151">"Computationally Intensive Research in the Humanities and Social Sciences: A Report on the Experiences of First Respondents to the Digging Into Data Challenge"</ref>. 
                        <hi rend="italic">Council on Library and Information Resources</hi>. 
                        <ref target="http://en.wikipedia.org/wiki/International_Standard_Book_Number">ISBN</ref>  
                        <ref target="http://en.wikipedia.org/wiki/Special:BookSources/978-1-932326-40-6">978-1-932326-40-6</ref>.
                    </note>
                </p>
            </div>
            <div type="div1" rend="DH-Heading1">
                <head>
                    <anchor xml:id="id_Environments_and_tools"/>Environments and tools
                </head>
                <p>Digital humanities is also involved in the creation of software, providing "environments and tools for producing, curating, and interacting with knowledge that is 'born digital' and lives in various digital contexts." 
                    <note xml:id="ftn10" place="foot" n="12"> Presner, Todd (2010). 
                        <ref target="http://cnx.org/content/m34246/latest/">"Digital Humanities 2.0: A Report on Knowledge"</ref>. 
                        <hi rend="italic">Connexions</hi>. Retrieved 2012-06-09.
                    </note> In this context, the field is sometimes known as computational humanities. Many such projects share a "commitment to 
                    <ref target="http://en.wikipedia.org/wiki/Open_standards">open standards</ref> and 
                    <ref target="http://en.wikipedia.org/wiki/Open_source">open source</ref>." 
                    <note xml:id="ftn11" place="foot" n="13"> Bradley, John (2012). "No job for techies: Technical contributions to research in digital humanities". In Marilyn Deegan and Willard McCarty (eds.). 
                        <hi rend="italic">Collaborative Research in the Digital Humanities</hi>. Farnham and Burlington: Ashgate. pp. 11–26 [14]. 
                        <ref target="http://en.wikipedia.org/wiki/International_Standard_Book_Number">ISBN</ref>  
                        <ref target="http://en.wikipedia.org/wiki/Special:BookSources/9781409410683">9781409410683</ref>.
                    </note>
                </p>
                <p> History</p>
                <p>Digital humanities descends from the field of humanities computing, of computationally enabled "formal representations of the human record," 
                    <note xml:id="ftn12" place="foot" n="14"> Unsworth, John (2002-11-08). 
                        <ref target="http://computerphilologie.tu-darmstadt.de/jg02/unsworth.html">"What is Humanities Computing and What is not?"</ref>. 
                        <hi rend="italic">Jahrbuch für Computerphilologie</hi>
                        <hi rend="bold">4</hi>. Retrieved 2012-05-31.
                    </note> whose origins reach back to the late 1940s in the pioneering work of 
                    <ref target="http://en.wikipedia.org/wiki/Roberto_Busa">Roberto Busa</ref> . 
                    <anchor xml:id="id_cite_ref-hockney_16-0"/>
                    <note xml:id="ftn13" place="foot" n="15"> Svensson, Patrik (2009). 
                        <ref target="http://digitalhumanities.org/dhq/vol/3/3/000065/000065.html">"Humanities Computing as Digital Humanities"</ref>. 
                        <hi rend="italic">Digital Humanities Quarterly</hi>
                        <hi rend="bold">3</hi> (3). 
                        <ref target="http://en.wikipedia.org/wiki/International_Standard_Serial_Number">ISSN</ref>  
                        <ref target="http://www.worldcat.org/issn/1938-4122">1938-4122</ref>. Retrieved 2012-05-30.
                    </note>
                    <note xml:id="ftn14" place="foot" n="16"> Hockney, Susan (2004). "The History of Humanities Computing". In Susan Schreibman, Ray Siemens, John Unsworth (eds.). 
                        <ref target="http://www.digitalhumanities.org/companion/view?docId=blackwell/9781405103213/9781405103213.xml&amp;chunk.id=ss1-2-1&amp;toc.depth=1&amp;toc.id=ss1-2-1&amp;brand=9781405103213_brand">
                            <hi rend="italic">Companion to Digital Humanities</hi>
                        </ref>. Blackwell Companions to Literature and Culture. Oxford: Blackwell. 
                        <ref target="http://en.wikipedia.org/wiki/International_Standard_Book_Number">ISBN</ref>  
                        <ref target="http://en.wikipedia.org/wiki/Special:BookSources/1405103213">1405103213</ref>.
                    </note>
                </p>
                <p>Other aspects of digital humanities were descended from the 
                    <ref target="http://en.wikipedia.org/wiki/Institute_for_Research_in_Information_and_Scholarship">IRIS</ref>
                    <ref target="http://en.wikipedia.org/wiki/Intermedia_%28hypertext%29">Intermedia</ref> project on hypertext at 
                    <ref target="http://en.wikipedia.org/wiki/Brown_University">Brown University</ref> in the 1980s.
                </p>
                <p>The 
                    <ref target="http://en.wikipedia.org/wiki/Text_Encoding_Initiative">Text Encoding Initiative</ref>, born from the desire to create a standard encoding scheme for humanities electronic texts, is the outstanding achievement of early humanities computing. The project was launched in 1987 and published the first full version of the 
                    <hi rend="italic">TEI Guidelines</hi> in May 1994. 
                    <note xml:id="ftn15" place="foot" n="17"> Hockney, Susan (2004). "The History of Humanities Computing". In Susan Schreibman, Ray Siemens, John Unsworth (eds.). 
                        <ref target="http://www.digitalhumanities.org/companion/view?docId=blackwell/9781405103213/9781405103213.xml&amp;chunk.id=ss1-2-1&amp;toc.depth=1&amp;toc.id=ss1-2-1&amp;brand=9781405103213_brand">
                            <hi rend="italic">Companion to Digital Humanities</hi>
                        </ref>. Blackwell Companions to Literature and Culture. Oxford: Blackwell. 
                        <ref target="http://en.wikipedia.org/wiki/International_Standard_Book_Number">ISBN</ref>  
                        <ref target="http://en.wikipedia.org/wiki/Special:BookSources/1405103213">1405103213</ref>.
                    </note>
                </p>
                <p>In the nineties, major digital text and image archives emerged at centers of humanities computing in the U.S. (e.g. the 
                    <hi rend="italic">Women Writers Project</hi>, 
                    <note xml:id="ftn16" place="foot" n="18">
                        <anchor xml:id="id_CITEREF"/>
                        <ref target="http://www.wwp.brown.edu/">
                            <hi rend="italic">Women Writers Project</hi>
                        </ref>, Brown University, retrieved 2012-06-16
                    </note> the 
                    <hi rend="italic">Rossetti Archive</hi>, 
                    <note xml:id="ftn17" place="foot" n="19">
                        <anchor xml:id="id_CITEREFJerome_J._McGann"/>Jerome J. McGann (ed.), 
                        <ref target="http://www.rossettiarchive.org/">
                            <hi rend="italic">Rossetti Archive</hi>
                        </ref>, Institute for Advanced Technology in the Humanities, University of Virginia, retrieved 2012-06-16 
                    </note> and 
                    <ref target="http://en.wikipedia.org/wiki/The_William_Blake_Archive">
                        <hi rend="italic">The William Blake Archive</hi>
                    </ref>
                    <hi rend="italic">
                        <note xml:id="ftn18" place="foot" n="20">
                            <anchor xml:id="id_CITEREFMorris_Eaves.2C_Robert_Essick.2C_and_Joseph_Viscomi"/>Morris Eaves, Robert Essick, and Joseph Viscomi (ed.), 
                            <ref target="http://www.blakearchive.org/">
                                <hi rend="italic">The William Blake Archive</hi>
                            </ref>, retrieved 2012-06-16
                        </note>
                    </hi>), which demonstrated the sophistication and robustness of text-encoding for literature. 
                    <note xml:id="ftn19" place="foot" n="21"> Liu, Alan (2004). 
                        <ref target="http://www.jstor.org/stable/10.1086/427302">"Transcendental Data: Toward a Cultural History and Aesthetics of the New Encoded Discourse"</ref>. 
                        <hi rend="italic">Critical Inquiry</hi>
                        <hi rend="bold">31</hi> (1): 49–84. 
                        <ref target="http://en.wikipedia.org/wiki/Digital_object_identifier">doi</ref>: 
                        <ref target="http://dx.doi.org/10.1086%2F427302">10.1086/427302</ref>. 
                        <ref target="http://en.wikipedia.org/wiki/International_Standard_Serial_Number">ISSN</ref>  
                        <ref target="http://www.worldcat.org/issn/0093-1896">0093-1896</ref>. Retrieved 2012-06-16.
                    </note> The Blake archive, in particular, was designed by its editors to take advantage of "the syntheses made possible by the electronic medium" and thus accomplish an "editorial transformation" in the publication of Blake's work which was, from the author's hands, multimedia. 
                    <note xml:id="ftn20" place="foot" n="22">
                        <ref target="http://www.blakearchive.org/blake/public/about/principles/index.html">"Editorial Principles"</ref>. 
                        <hi rend="italic">The William Blake Archive</hi>. Retrieved 17 December 2014.
                    </note>
                </p>
                <p>The terminological change from "humanities computing" to "digital humanities" has been attributed to 
                    <ref target="http://en.wikipedia.org/wiki/John_Unsworth">John Unsworth</ref> and Ray Siemens who, as editors of the monograph 
                    <hi rend="italic">A Companion to Digital Humanities</hi> (2004), tried to prevent the field from being viewed as "mere digitization." 
                    <note xml:id="ftn21" place="foot" n="23"> Fitzpatrick, Kathleen (2011-05-08). 
                        <ref target="http://chronicle.com/article/The-Humanities-Done-Digitally/127382/">"The humanities, done digitally"</ref>. 
                        <hi rend="italic">The Chronicle of Higher Education</hi>. Retrieved 2011-07-10.
                    </note> Consequently, the hybrid term has created an overlap between fields like rhetoric and composition, which use "the methods of contemporary humanities in studying digital objects," 
                    <note xml:id="ftn22" place="foot" n="24"> Fitzpatrick, Kathleen (2011-05-08). 
                        <ref target="http://chronicle.com/article/The-Humanities-Done-Digitally/127382/">"The humanities, done digitally"</ref>. 
                        <hi rend="italic">The Chronicle of Higher Education</hi>. Retrieved 2011-07-10.
                    </note> and digital humanities, which uses "digital technology in studying traditional humanities objects". 
                    <note xml:id="ftn23" place="foot" n="25"> Fitzpatrick, Kathleen (2011-05-08). 
                        <ref target="http://chronicle.com/article/The-Humanities-Done-Digitally/127382/">"The humanities, done digitally"</ref>. 
                        <hi rend="italic">The Chronicle of Higher Education</hi>. Retrieved 2011-07-10.
                    </note> The use of computational systems and the study of computational media within the arts and humanities more generally has been termed the 'computational turn'. 
                    <note xml:id="ftn24" place="foot" n="26"> Berry, David (2011-06-01). 
                        <ref target="http://culturemachine.net/index.php/cm/article/viewDownloadInterstitial/440/470">"The Computational Turn: Thinking About the Digital Humanities"</ref>. 
                        <hi rend="italic">Culture Machine</hi>. Retrieved 2012-01-31.
                    </note>
                </p>
                <p>In 2006 the 
                    <ref target="http://en.wikipedia.org/wiki/National_Endowment_for_the_Humanities">National Endowment for the Humanities</ref> (NEH), launched the Digital Humanities Initiative (renamed Office of Digital Humanities in 2008), which made widespread adoption of the term "digital humanities" all but irreversible in the United States. 
                    <note xml:id="ftn25" place="foot" n="27"> Kirschenbaum, Matthew G. (2010). 
                        <ref target="http://mkirschenbaum.files.wordpress.com/2011/01/kirschenbaum_ade150.pdf">"What is Digital Humanities and What's it Doing in English Departments?"</ref>. 
                        <hi rend="italic">ADE Bulletin</hi> (150).
                    </note>
                </p>
                <p>Digital humanities emerged from its former niche status and became "big news" 
                    <note xml:id="ftn26" place="foot" n="28"> Kirschenbaum, Matthew G. (2010). 
                        <ref target="http://mkirschenbaum.files.wordpress.com/2011/01/kirschenbaum_ade150.pdf">"What is Digital Humanities and What's it Doing in English Departments?"</ref>. 
                        <hi rend="italic">ADE Bulletin</hi> (150).
                    </note> at the 2009 
                    <ref target="http://en.wikipedia.org/wiki/Modern_Language_Association">MLA convention</ref> in Philadelphia, where digital humanists made "some of the liveliest and most visible contributions" 
                    <note xml:id="ftn27" place="foot" n="29"> Howard, Jennifer (2009-12-31). 
                        <ref target="http://chronicle.com/article/The-MLA-Convention-in/63379/">"The MLA Convention in Translation"</ref>. 
                        <hi rend="italic">The Chronicle of Higher Education</hi>. 
                        <ref target="http://en.wikipedia.org/wiki/International_Standard_Serial_Number">ISSN</ref>  
                        <ref target="http://www.worldcat.org/issn/0009-5982">0009-5982</ref>. Retrieved 2012-05-31.
                    </note> and had their field hailed as "the first 'next big thing' in a long time." 
                    <note xml:id="ftn28" place="foot" n="30"> Pannapacker, William (2009-12-28). 
                        <ref target="http://chronicle.com/blogPost/The-MLAthe-Digital/19468/">"The MLA and the Digital Humanities"</ref> (The Chronicle of Higher Education). 
                        <hi rend="italic">Brainstorm</hi>. Retrieved 2012-05
                    </note>
                </p>
            </div>
            <div type="div1" rend="DH-Heading1">
                <head>
                    <anchor xml:id="id_Organizations_and_Institutions"/>Organizations and Institutions
                </head>
                <p>The field of digital humanities is served by several organisations: 
                    <ref target="http://en.wikipedia.org/wiki/The_Association_for_Literary_and_Linguistic_Computing">The Association for Literary and Linguistic Computing</ref> (ALLC), the 
                    <ref target="http://en.wikipedia.org/wiki/Association_for_Computers_and_the_Humanities">Association for Computers and the Humanities</ref> (ACH), and the 
                    <ref target="http://en.wikipedia.org/wiki/Society_for_Digital_Humanities">Society for Digital Humanities/Société pour l'étude des médias interactifs</ref> (SDH/SEMI), which are joined under the umbrella organisation of the 
                    <ref target="http://en.wikipedia.org/wiki/Alliance_of_Digital_Humanities_Organizations">Alliance of Digital Humanities Organizations</ref> (ADHO). The alliance funds a number of projects such as the 
                    <ref target="http://en.wikipedia.org/wiki/Digital_Humanities_Quarterly">Digital Humanities Quarterly</ref>, supports the 
                    <ref target="http://en.wikipedia.org/wiki/Text_Encoding_Initiative">Text Encoding Initiative</ref>, the organisation and sponsoring of workshops and conferences, as well as the funding of small projects, awards and bursaries. 
                    <note xml:id="ftn29" place="foot" n="31"> Vanhoutte, Edward (2011-04-01). 
                        <ref target="http://llc.oxfordjournals.org/content/26/1/3.short">"Editorial"</ref>. 
                        <hi rend="italic">Literary and Linguistic Computing</hi>
                        <hi rend="bold">26</hi> (1): 3–4. 
                        <ref target="http://en.wikipedia.org/wiki/Digital_object_identifier">doi</ref>: 
                        <ref target="http://dx.doi.org/10.1093%2Fllc%2Ffqr002">10.1093/llc/fqr002</ref>. Retrieved 2011-07-11.
                    </note>
                </p>
                <p>ADHO also oversees a joint annual conference, which began as the ACH/ALLC (or ALLC/ACH) conference, and is now known as the 
                    <ref target="http://en.wikipedia.org/wiki/Digital_Humanities_conference">Digital Humanities conference</ref>.
                </p>
                <p>CenterNet is an international network of about 100 digital humanities centers in 19 countries, working together to benefit digital humanities and related fields. 
                    <anchor xml:id="id_cite_ref-caraco_29-0"/>
                    <note xml:id="ftn30" place="foot" n="32">
                        <ref target="http://digitalhumanities.org/centernet/about/">"About"</ref>. 
                        <hi rend="italic">CenterNet</hi>. Retrieved June 16, 2012.
                    </note>
                    <note xml:id="ftn31" place="foot" n="33"> Caraco, Benjamin (1 January 2012). 
                        <ref target="http://bbf.enssib.fr/consulter/bbf-2012-02-0069-002#appelnote-11">"Les digital humanities et les bibliothèques"</ref>. 
                        <hi rend="italic">Le Bulletin des Bibliothèques de France</hi>
                        <hi rend="bold">57</hi> (2). Retrieved 12 April 2012.
                    </note>
                </p>
            </div>
            <div type="div1" rend="DH-Heading1">
                <head>
                    <anchor xml:id="id_Criticism_and_controversies"/>Criticism and controversies
                </head>
                <p>An edited text, 
                    <ref target="http://dhdebates.gc.cuny.edu/debates">'Debates in the Digital Humanities' (2012)</ref> has identified a range of criticisms of digital humanities: 'a lack of attention to issues of race, class, gender, and sexuality; a preference for research-driven projects over pedagogical ones; an absence of political commitment; an inadequate level of diversity among its practitioners; an inability to address texts under copyright; and an institutional concentration in well-funded research universities'. 
                    <note xml:id="ftn32" place="foot" n="34">
                        <ptr target="http://dhdebates.gc.cuny.edu/debates/"/>
                    </note>
                </p>
                <p>The literary theorist 
                    <ref target="http://en.wikipedia.org/wiki/Stanley_Fish">Stanley Fish</ref> claims that the digital humanities pursue a revolutionary agenda and thereby undermine the conventional standards of "pre-eminence, authority and disciplinary power." 
                    <note xml:id="ftn33" place="foot" n="35"> Fish, Stanley (2012-01-09). 
                        <ref target="http://opinionator.blogs.nytimes.com/2012/01/09/the-digital-humanities-and-the-transcending-of-mortality/">"The Digital Humanities and the Transcending of Mortality"</ref>. 
                        <hi rend="italic">The New York Times</hi> (New York). Retrieved 2012-05-30.
                    </note>
                </p>
                <p>There has also been some recent controversy amongst practitioners of digital humanities around the role that race and/or identity politics plays in digital humanities. Tara McPherson attributes some of the lack of racial diversity in digital humanities to the modality of 
                    <ref target="http://en.wikipedia.org/wiki/Unix">UNIX</ref> and computers, themselves. 
                    <note xml:id="ftn34" place="foot" n="36">
                        <ptr target="http://dhdebates.gc.cuny.edu/debates/text/29"/>
                    </note> An open thread on DHpoco.org recently garnered well over 100 comments on the issue of race in digital humanities, with scholars arguing about the amount that racial (and other) biases affect the tools and texts available for digital humanities research. 
                    <note xml:id="ftn35" place="foot" n="37">
                        <ptr target="http://dhpoco.org/blog/2013/05/10/open-thread-the-digital-humanities-as-a-historical-refuge-from-raceclassgendersexualitydisability/"/>
                    </note> This is a current source of debate within the digital humanities.
                </p>
                <p>At present, formal academic recognition of digital work in the humanities remains somewhat problematic, although there are signs that this might be changing.[ 
                    <ref target="http://en.wikipedia.org/wiki/Wikipedia:Citation_needed">
                        <hi rend="italic">citation needed</hi>
                    </ref>] Some universities offer programs related to the field 
                    <note xml:id="ftn36" place="foot" n="38">
                        <ref target="http://www.digitalhumanities.ucla.edu/resources/us-dh-academic-programs.html">"Digital Humanities Programs and Organizations"</ref>. UCLA Digital Humanities. Retrieved 2 November 2014.
                    </note> and some have dedicated Digital Humanities programmes. 
                    <note xml:id="ftn37" place="foot" n="39">
                        <ptr target="http://www.ucl.ac.uk/dh/courses/mamsc"/>
                    </note>
                </p>
            </div>
            <div type="div1" rend="DH-Heading1">
                <head>See also</head>
                <div type="div2" rend="DH-Heading2">
                    <head>Centers</head>
                    <list type="unordered">
                        <item>
                            <hi rend="italic">The </hi>
                            <ref target="http://en.wikipedia.org/wiki/Alliance_of_Digital_Humanities_Organizations">
                                <hi rend="italic">Alliance of Digital Humanities Organizations</hi>
                            </ref>
                            <hi rend="italic">maintains </hi>
                            <ref target="http://digitalhumanities.org/centernet/centers/">
                                <hi rend="italic">a comprehensive list of digital humanities centers</hi>
                            </ref>
                        </item>
                    </list>
                    <list type="unordered">
                        <item>
                            <ref target="http://en.wikipedia.org/wiki/Department_of_Digital_Humanities">Department of Digital Humanities</ref> (King's College London, UK)
                        </item>
                        <item>
                            <ref target="http://en.wikipedia.org/wiki/Humanities_Advanced_Technology_and_Information_Institute">Humanities Advanced Technology and Information Institute</ref> (University of Glasgow, Scotland)
                        </item>
                        <item>
                            <ref target="http://en.wikipedia.org/wiki/Institute_for_Advanced_Technology_in_the_Humanities">Institute for Advanced Technology in the Humanities</ref> (University of Virginia, USA)
                        </item>
                        <item>
                            <ref target="http://en.wikipedia.org/wiki/Maryland_Institute_for_Technology_in_the_Humanities">Maryland Institute for Technology in the Humanities</ref>
                        </item>
                        <item>
                            <ref target="http://en.wikipedia.org/wiki/Center_for_History_and_New_Media">Roy Rosenzweig Center for History and New Media</ref> (George Mason University, Virginia, USA)
                        </item>
                        <item>
                            <ref target="http://en.wikipedia.org/wiki/UCL_Centre_for_Digital_Humanities">UCL Centre for Digital Humanities</ref> (University College London, UK)
                        </item>
                        <item>
                            <ref target="http://en.wikipedia.org/wiki/Center_for_Public_History_and_Digital_Humanities">Center for Public History and Digital Humanities</ref> (Cleveland State University)
                        </item>
                    </list>
                </div>
                <div type="div2" rend="DH-Heading2">
                    <head>Journals</head>
                    <list type="unordered">
                        <item>
                            <ref target="http://en.wikipedia.org/wiki/Digital_Medievalist">Digital Medievalist</ref>
                        </item>
                        <item>
                            <ref target="http://en.wikipedia.org/wiki/Digital_Humanities_Quarterly">Digital Humanities Quarterly</ref>
                        </item>
                        <item>
                            <ref target="http://en.wikipedia.org/wiki/Literary_and_Linguistic_Computing">Literary and Linguistic Computing</ref>
                        </item>
                        <item>
                            <ref target="http://en.wikipedia.org/wiki/Southern_Spaces">Southern Spaces</ref>
                        </item>
                    </list>
                </div>
                <div type="div2" rend="DH-Heading2">
                    <head>Meetings</head>
                    <list type="unordered">
                        <item>
                            <ref target="http://en.wikipedia.org/wiki/Digital_Humanities_conference">Digital Humanities conference</ref>
                        </item>
                        <item>
                            <ref target="http://en.wikipedia.org/wiki/HASTAC">HASTAC</ref>
                        </item>
                        <item>
                            <ref target="http://en.wikipedia.org/wiki/THATCamp">THATCamp</ref>
                        </item>
                    </list>
                </div>
                <div type="div2" rend="DH-Heading2">
                    <head>
                        <anchor xml:id="id_Miscellaneous"/>Miscellaneous
                    </head>
                    <list type="unordered">
                        <item>
                            <ref target="http://en.wikipedia.org/wiki/Computers_and_writing">Computers and writing</ref>
                        </item>
                        <item>
                            <ref target="http://en.wikipedia.org/wiki/Computational_archaeology">Computational archaeology</ref>
                        </item>
                        <item>
                            <ref target="http://en.wikipedia.org/wiki/Cybertext">Cybertext</ref>
                        </item>
                        <item>
                            <ref target="http://en.wikipedia.org/wiki/Cultural_analytics">Cultural analytics</ref>
                        </item>
                        <item>
                            <ref target="http://en.wikipedia.org/wiki/Digital_Classicist">Digital Classicist</ref>
                        </item>
                        <item>
                            <ref target="http://en.wikipedia.org/wiki/Digital_Humanities_Summer_Institute">Digital Humanities Summer Institute</ref>
                        </item>
                        <item>
                            <ref target="http://en.wikipedia.org/wiki/Digital_library">Digital library</ref>
                        </item>
                        <item>
                            <ref target="http://en.wikipedia.org/wiki/Digital_Medievalist">Digital Medievalist</ref>
                        </item>
                        <item>
                            <ref target="http://en.wikipedia.org/wiki/Digital_history">Digital history</ref>
                        </item>
                        <item>
                            <ref target="http://en.wikipedia.org/wiki/Digitizing">Digitizing</ref>
                        </item>
                        <item>
                            <ref target="http://en.wikipedia.org/wiki/ERhetoric">Digital rhetoric</ref>
                        </item>
                        <item>
                            <ref target="http://en.wikipedia.org/wiki/Digital_scholarship">Digital scholarship</ref>
                        </item>
                        <item>
                            <ref target="http://en.wikipedia.org/wiki/Electronic_Cultural_Atlas_Initiative">Electronic Cultural Atlas Initiative</ref>
                        </item>
                        <item>
                            <ref target="http://en.wikipedia.org/wiki/Electronic_literature">Electronic literature</ref>
                        </item>
                        <item>
                            <ref target="http://en.wikipedia.org/wiki/EpiDoc">EpiDoc</ref>
                        </item>
                        <item>
                            <ref target="http://en.wikipedia.org/wiki/E-research">E-research</ref>
                        </item>
                        <item>
                            <ref target="http://en.wikipedia.org/wiki/Humanistic_informatics">Humanistic informatics</ref>
                        </item>
                        <item>
                            <ref target="http://en.wikipedia.org/wiki/Multimedia_literacy">Multimedia literacy</ref>
                        </item>
                        <item>
                            <ref target="http://en.wikipedia.org/wiki/New_media">New media</ref>
                        </item>
                        <item>
                            <ref target="http://en.wikipedia.org/wiki/Systems_theory">Systems theory</ref>
                        </item>
                        <item>
                            <ref target="http://en.wikipedia.org/wiki/Stylometry">Stylometry</ref>
                        </item>
                        <item>
                            <ref target="http://en.wikipedia.org/wiki/Text_Encoding_Initiative">Text Encoding Initiative</ref>
                        </item>
                        <item>
                            <ref target="http://en.wikipedia.org/wiki/Text_mining">Text mining</ref>
                        </item>
                        <item>
                            <ref target="http://en.wikipedia.org/wiki/Topic_model">Topic Modeling</ref>
                        </item>
                        <item>
                            <ref target="http://en.wikipedia.org/wiki/Transliteracy">Transliteracy</ref>
                        </item>
                    </list>
                    <table rend="frame" xml:id="Tabelle1">
                        <row>
                            <cell>
                                <ref target="http://en.wikipedia.org/wiki/Help:Category">Categories</ref>:
                            </cell>
                            <cell>
                                <ref target="http://en.wikipedia.org/wiki/Category:Digital_humanities">Digital humanities</ref>
                            </cell>
                        </row>
                    </table>
                </div>
            </div>
            <div type="div1" rend="DH-Heading1">
                <head>
                    <anchor xml:id="id_External_links"/>External links
                </head>
                <list type="unordered">
                    <item>
                        <ref target="http://www.adho.org/">The Alliance of Digital Humanities Organizations</ref>
                    </item>
                    <item>
                        <ref target="http://digitalhumanities.org/centernet/">CenterNet</ref>
                    </item>
                    <item>
                        <ref target="http://tapor.ualberta.ca/taporwiki/index.php/Day_in_the_Life_of_the_Digital_Humanities">A Day in the Life of the Digital Humanities</ref>
                    </item>
                    <item>
                        <ref target="http://lab.softwarestudies.com/2012/03/computational-humanities-vs-digital.html">Lev Manovich, Computational Humanities vs. Digital Humanities</ref>
                    </item>
                </list>
            </div>
        </body>
        <back>
            <div type="bibliogr">
                <listBibl>
                    <head>Bibliography</head>
                    <bibl>Beagle, Donald, (2014). 
                        <ref target="http://acrl.ala.org/dh/2014/01/30/digital-humanities-in-the-research-commons-precedents-prospects-3/">
                            <hi rend="italic">Digital Humanities in the Research Commons: Precedents &amp; Prospects</hi>
                        </ref>, Association of College &amp; Research Libraries: dh+lib.
                    </bibl>
                    <bibl>Berry, D. M., ed. (2012). 
                        <ref target="http://www.palgrave.com/products/title.aspx?pid=493310">
                            <hi rend="italic">Understanding Digital Humanities</hi>
                        </ref>, Basingstoke: Palgrave Macmillan.
                    </bibl>
                    <bibl>Burdick, Anne, Johanna Drucker, Peter Lunenfeld, Todd Presner, &amp; Jeffrey Schnap (2012). 
                        <ref target="http://mitpress.mit.edu/sites/default/files/titles/content/9780262018470_Open_Access_Edition.pdf">
                            <hi rend="italic">Digital_Humanities</hi>
                        </ref>, The MIT Press
                    </bibl>
                    <bibl>Busa, Roberto (1980). ‘The Annals of Humanities Computing: The Index Thomisticus’, in Computers and the Humanities vol. 14, pp. 83–90. Computers and the Humanities (1966-2004) </bibl>
                    <bibl>Celentano, A., Cortesi, A. &amp; Mastandrea, P. (2004). Informatica Umanistica: una disciplina di confine, Mondo Digitale, vol. 4, pp. 44–55. </bibl>
                    <bibl>Classen, Christoph, Kinnebrock, Susanne, &amp; Löblich, Maria, eds. (2012). 
                        <ref target="http://www.gesis.org/hsr/aktuelle-ausgaben/aktuelle-hefte-2010-2012/374-the-economie-des-conventions/">Towards Web History: Sources, Methods, and Challenges in the Digital Age</ref>. 
                        <ref target="http://en.wikipedia.org/wiki/Historical_Social_Research">
                            <hi rend="italic">Historical Social Research</hi>
                        </ref>
                        <hi rend="italic">,</hi> 37 (4), 97-188.
                    </bibl>
                    <bibl>Condron Frances, Fraser, Michael &amp; Sutherland, Stuart, eds. (2001). 
                        <ref target="http://users.ox.ac.uk/%7Ectitext2/resguide2000/contents.shtml">
                            <hi rend="italic">Oxford University Computing Services Guide to Digital Resources for the Humanities</hi>
                        </ref>, West Virginia University Press.
                    </bibl>
                    <bibl>Fitzpatrick, Kathleen (2011). 
                        <ref target="http://nyupress.org/books/book-details.aspx?bookId=4998">
                            <hi rend="italic">Planned Obsolescence: Publishing, Technology, and the Future of the Academy</hi>
                        </ref>. New York; NYU Press.
                    </bibl>
                    <bibl>Gold, Matthew K., ed. (2012). 
                        <ref target="http://www.upress.umn.edu/book-division/books/debates-in-the-digital-humanities">
                            <hi rend="italic">Debates In the Digital Humanities</hi>
                        </ref>. Minneapolis: University of Minnesota Press.
                    </bibl>
                    <bibl>Hancock, B., &amp; Giarlo, M.J. (2001). 
                        <ref target="http://dx.doi.org/10.1108/07378830110405139">
                            <hi rend="italic">Moving to XML: Latin texts XML conversion project at the Center for Electronic Texts in the Humanities</hi>
                        </ref>. Library Hi Tech, 19(3), 257-264.
                    </bibl>
                    <bibl>Hockey, Susan (2001). 
                        <hi rend="italic">Electronic Text in the Humanities: Principles and Practice</hi>, Oxford: Oxford University Press.
                    </bibl>
                    <bibl>Honing, Henkjan (2008). 
                        <ref target="http://www.mcg.uva.nl/abstracts/honing-2007b.html">
                            <hi rend="italic">The role of ICT in music research: A bridge too far?</hi>
                        </ref>International Journal of Humanities and Arts Computing 
                        <hi rend="italic">, 1 (1), 67-75.</hi>
                    </bibl>
                    <bibl>Inman James, Reed, Cheryl, &amp; Sands, Peter, eds. (2003). 
                        <hi rend="italic">Electronic Collaboration in the Humanities: Issues and Options</hi>, Mahwah, NJ: Lawrence Erlbaum.
                    </bibl>
                    <bibl>Kenna, Stephanie &amp; Ross, Seamus, eds. (1995). 
                        <hi rend="italic">Networking in the humanities: Proceedings of the Second Conference on Scholarship and Technology in the Humanities held at Elvetham Hall, Hampshire, UK 13–16 April 1994</hi>. London: Bowker-Saur.
                    </bibl>
                    <bibl>Kirschenbaum, Matthew (2008). 
                        <ref target="http://mitpress.mit.edu/catalog/item/default.asp?ttype=2&amp;tid=11336">
                            <hi rend="italic">Mechanisms: New Media and the Forensic Imagination</hi>
                        </ref>. Cambridge, Mass.: MIT Press.
                    </bibl>
                    <bibl>McCarty, Willard (2005). 
                        <hi rend="italic">Humanities Computing</hi>, Basingstoke: Palgrave Macmillan.
                    </bibl>
                    <bibl>Moretti, Franco (2007). 
                        <ref target="http://www.versobooks.com/books/261-graphs-maps-trees">
                            <hi rend="italic">Graphs, Maps, Trees: Abstract Models for Literary History</hi>
                        </ref>. New York: Verso.
                    </bibl>
                    <bibl>Mullings, Christine, Kenna, Stephanie, Deegan, Marilyn, &amp; Ross, Seamus, eds. (1996). 
                        <hi rend="italic">New Technologies for the Humanities</hi> London: Bowker-Saur.
                    </bibl>
                    <bibl>Newell, William H., ed. (1998). 
                        <hi rend="italic">Interdisciplinarity: Essays from the Literature.</hi> New York: College Entrance Examination Board.
                    </bibl>
                    <bibl>Nowviskie, Bethany, ed. (2011). 
                        <ref target="http://mediacommons.futureofthebook.org/alt-ac/">
                            <hi rend="italic">Alt-Academy: Alternative Academic Careers for Humanities Scholars</hi>
                        </ref>. New York: MediaCommons.
                    </bibl>
                    <bibl>Ramsay, Steve (2011). 
                        <ref target="http://www.press.uillinois.edu/books/catalog/75tms2pw9780252036415.html">
                            <hi rend="italic">Reading Machines: Toward an Algorithmic Criticism</hi>
                        </ref>. Urbana: University of Illinois Press.
                    </bibl>
                    <bibl>Schreibman, Susan, Siemens, Ray &amp; Unsworth, John, eds. (2004). 
                        <ref target="http://www.digitalhumanities.org/companion/">
                            <hi rend="italic">A Companion To Digital Humanities</hi>
                        </ref> Blackwell Publishers.
                    </bibl>
                    <bibl>Selfridge-Field, Eleanor, ed. (1997). Beyond MIDI: The Handbook of Musical Codes. Cambridge, MA: The MIT Press. </bibl>
                    <bibl>Thaller, Manfred, ed. (2012). 
                        <ref target="http://www.gesis.org/en/hsr/aktuelle-ausgaben/aktuelle-hefte-2010-2012/373-digital-humanities/">Controversies around the Digital Humanities</ref>. 
                        <ref target="http://en.wikipedia.org/wiki/Historical_Social_Research">
                            <hi rend="italic">Historical Social Research</hi>
                        </ref>, 37 (3), 7-229.
                    </bibl>
                    <bibl>Unsworth, John (2005). 
                        <ref target="http://jefferson.village.virginia.edu/%7Ejmu2m/Kings.5-00/primitives.html">
                            <hi rend="italic">Scholarly Primitives: What methods do humanities researchers have in common, and how might our tools reflect this?</hi>
                        </ref>
                    </bibl>
                    <bibl>Warwick C., Terras, M., &amp; Nyhan, J., eds. (2012). 
                        <hi rend="italic">Digital Humanities in Practice</hi>, Facet
                    </bibl>
                </listBibl>
            </div>
        </back>
    </text>
</TEI>
